name,artist,id
VITAMINA,Jombriel,0DMJz677XfXiiruhIELu2e
Angelito,Bad Gyal,1gRaHuKLW9Uo9qYkb7MvGP
LOS DEPURO (feat. L-Gante),Myke Towers,5IbmI5vcFPncZjrhQteGWl
"Luck Ra: Bzrp Music Sessions, Vol. 61",Bizarrap,5AGnkbWCiF9u4ra54N9X1a
Olvidarte (feat. Emilia),Gordo,39KyQTzp1dr7jab7et2PlH
EL CLúB,Bad Bunny,3zOgFY5kpQ6p2cwPIquZks
TODO VUELVE,G Sony,78CbDyjeAUjnVM8ha4j6LY
Volveras,Karamba,7w1t32NEhk8GAqkQf9rfaA
Nueva Era,Duki,03IpZ9yqJlo3EIgDQUgBSF
AGORA,Maria Becerra,0EVxchTHYIgx618OrpcrdQ
Si Un Día Estás Sola | CROSSOVER #7,Big One,5AkLEnorFvb7WIJOGqKYVT
Si Antes Te Hubiera Conocido,KAROL G,6WatFBLVB0x077xWeoVc2k
Alegría,Tiago PZK,5v9LMshhQsNtkUkcXRGO7i
Vida De Rock,Duki,26y2gBrbiFJIOUjIlSQfdH
Solida,Almighty,1mpyzZYsTIlRar5s0CxsC5
Cuando Te Vi | CROSSOVER #5,Big One,5OwAhFlvFZ4ZdGDfroYgAm
Santa,Rvssian,6a9Z1jUms915w4O7N1PxjY
Carilinda,Karamba,4nsL5qDukzzCp9PfPoQrP7
RCP,Tiago PZK,3HTwXJ9lOWEQHqpXa6XBJ0
Loca,Karamba,2QkB2GguABycMwhHvUMYWX
